Strategy,Annualized Cost Drag,Total Transaction Cost Drag,Final Gross Value,Final Net Value
Equal Weight,0.0002182878278611522,0.00834519198735828,2.735604439380761,2.7272592473934028
Minimum Variance,0.0004192504126212526,0.009683172899392911,1.5965376299231604,1.5868544570237675
Traditional MVO,0.0024965653802173637,0.1299226658629684,3.866458001577655,3.7365353357146867
Proposed Strategy,0.0036619420386958534,0.20647093771945002,4.246073004196742,4.039602066477292
